{"cameraMode":{"drawMode":0,"name":"Shaded","section":"Shading Mode"},"sceneLighting":true,"audioPlay":false,"sceneViewState":{"showFog":true,"showMaterialUpdate":false,"showSkybox":true,"showFlares":true,"showImageEffects":true,"showParticleSystems":true},"in2DMode":false,"pivot":{"x":-0.005058497190475464,"y":-0.10493139922618866,"z":0.48267656564712527},"rotation":{"x":-0.11526507139205933,"y":0.005423382855951786,"z":-0.00034153234446421266,"w":-0.9935070872306824},"size":0.4604165256023407,"orthographic":false}